RegistrationDate,UserID,Name,Gender,Age,Total,Birthday
2023/04/23,SC32815,チカテウ,women,81,28000,1942/05/11
2023/09/10,GE89267,ワカインヤア,men,71,66000,1951/12/10
2023/07/16,VG97065,ムミニケヌナ,men,55,16000,1968/10/04
2023/08/01,MU14509,ヌユタソシ,women,26,35000,1997/02/20
2023/06/27,UF80671,チナフメユヌ,women,57,58000,1966/04/23
2023/01/04,JJ58607,セオウミナ,men,69,18000,1954/01/14
2023/05/08,DQ13168,トヘミセ,women,46,81000,1977/08/07
2022/11/04,VF36129,マホヤ,men,50,92000,1973/05/29
2023/09/06,OQ92913,ネカ,women,42,39000,1981/07/03
2023/07/06,HR43867,コケヘヒキ,women,68,68000,1954/11/18
2023/08/12,FN52382,トレヘロ,men,31,80000,1992/06/29
2022/12/20,QR34282,テメアア,women,73,52000,1950/04/25
2023/06/14,IN25630,ヲロクヤマリ,women,60,50000,1962/11/15
2023/04/18,DI33040,チク,men,69,2000,1954/07/15
2023/09/14,LQ26077,テヨニソ,men,45,68000,1978/06/17
2022/11/23,EH46612,エナネサケ,men,27,50000,1996/07/14
2022/11/01,UI62304,トラフ,women,76,30000,1947/10/02
2022/11/14,HV89468,キフクマ,men,78,58000,1945/02/22
2022/12/19,XU23378,ムシユ,women,42,75000,1980/12/28
2023/10/11,GL85494,ツムヨオル,women,35,81000,1987/11/02
2022/11/15,PG34078,クサ,men,36,98000,1987/08/05
2023/01/29,WU19474,シラセヌ,women,71,88000,1951/12/21
2023/01/04,MX97516,ミヲ,women,29,24000,1994/04/04
2023/09/03,HQ44553,ウテケヲ,women,61,22000,1962/06/07
2023/04/22,TA55707,メウヒ,women,63,16000,1960/04/19
2022/12/02,EV88976,ノテセ,men,24,10000,1998/10/27
2023/08/19,GE56764,ムノサヌモコ,men,25,44000,1998/01/19
2023/01/20,NC88950,スカウンキユ,men,67,95000,1956/05/04
2023/06/14,XE89408,テヒラスン,women,68,50000,1955/02/02
2022/12/20,GT43822,ワキホワ,women,64,96000,1959/02/27
2023/09/09,AI13575,ナツフ,women,39,84000,1983/12/20
2023/03/19,TT35728,ククイツ,men,46,91000,1977/06/27
2023/10/06,DR61595,ラネヲ,women,71,56000,1952/01/03
2022/11/10,CZ60914,ネユス,women,45,21000,1977/10/29
2023/07/05,DP68380,ノレト,women,40,10000,1982/12/29
2023/07/14,AO54759,ルチモネ,women,76,1000,1947/09/18
2023/08/05,CC91394,スフウムト,women,76,17000,1947/07/12
2023/07/24,FV44899,セセシリヤ,women,61,83000,1962/01/21
2023/10/19,NG37036,ムモヌ,men,71,46000,1952/05/19
2023/07/29,QM35636,マヲ,women,66,68000,1956/11/16
2023/01/21,VV92692,ロマククワチ,men,68,95000,1955/08/20
2023/01/11,AD97383,ケレク,women,39,10000,1984/08/20
2023/06/28,DN39264,ノアルユメコ,men,24,57000,1998/11/25
2023/01/05,OC97644,ラモニシレラ,men,75,84000,1948/10/04
2023/10/01,UD62654,ツシヒルサケ,men,45,6000,1978/03/07
2023/03/06,WR49554,チハユイウ,women,48,10000,1975/03/19
2023/10/23,TB45540,ナサフムチス,women,22,39000,2001/04/19
2023/04/14,PR26123,ロミヒヨホシ,men,22,97000,2001/08/08
2023/07/18,FP33010,エヤサシオテ,women,63,15000,1960/07/19
2023/01/25,HB57750,ヌロネ,women,59,82000,1964/08/29
2022/11/16,CT20752,メケミツ,women,45,41000,1978/05/17
2023/10/24,WS88843,コチニタン,men,74,58000,1949/09/14
2023/06/03,HU41234,メリエ,men,33,53000,1989/11/03
2023/05/29,VW70542,ニヲサソ,women,34,58000,1989/02/03
2022/11/05,TH49493,チコリ,men,53,86000,1970/08/22
2023/10/22,LZ36473,ナヌ,women,47,3000,1975/12/27
2023/04/07,LG78002,チタイヘスネ,men,80,76000,1943/09/04
2023/09/28,MR22734,ルシ,men,25,38000,1998/03/05
2023/01/13,GA16377,セマセホ,women,51,21000,1971/10/29
2023/03/22,PK83893,セウイホトン,women,37,5000,1986/07/02
2022/10/26,OH85114,オヲ,women,74,32000,1949/01/29
2023/07/23,WU29008,ンケセツサハ,women,24,77000,1999/08/02
2023/02/06,AV54342,オワイツトヘ,women,32,75000,1991/10/05
2022/12/27,AR42615,ノコ,women,60,13000,1962/11/13
2023/05/03,KS90885,モヌウテソツ,women,74,53000,1949/02/03
2023/04/11,JP59933,タソナイ,women,79,5000,1944/05/11
2023/03/14,MB52388,ハヒスア,women,56,88000,1967/03/10
2023/04/01,IB48359,ヒウ,men,44,96000,1979/03/28
2023/07/14,SG98343,クネチツソ,men,64,9000,1959/01/09
2023/02/15,HB12238,エシセノ,women,34,98000,1988/12/10
2023/05/27,WT63191,コユルヨスヲ,women,54,39000,1969/04/07
2023/03/12,MA17619,タホスムワレ,men,69,4000,1954/10/08
2023/06/24,JV88682,セユル,women,43,32000,1979/12/23
2023/09/10,VX63900,リヤ,men,61,63000,1962/07/23
2023/06/05,ZM60590,タコ,men,34,35000,1988/12/13
2023/10/19,DP98930,スタサヘウシ,women,29,75000,1994/07/19
2022/12/24,IW62397,ヨミヌ,women,70,58000,1953/01/19
2023/07/16,WX97495,ニチヘカコオ,women,79,14000,1944/06/24
2023/09/19,HJ34806,ムエカ,men,29,6000,1994/03/16
2022/12/30,IL41435,ハスヤタ,women,61,15000,1962/02/25
2022/12/15,EA24982,メホホニ,men,47,26000,1976/02/04
2023/06/12,NP50555,ハルミムヌ,women,40,26000,1983/03/05
2023/05/11,JF55851,テセレンス,men,38,31000,1985/02/01
2023/10/15,GQ43209,ハマサ,women,53,55000,1970/07/11
2023/05/11,EA71706,タラキ,men,74,1000,1949/10/24
2023/03/13,DE58527,モアヌスエ,women,58,83000,1965/05/01
2023/05/16,BS56558,ラリフシタ,men,36,13000,1987/01/13
2023/08/18,UG52392,ンケケンニ,women,71,10000,1951/12/27
2023/08/09,IH79433,ケコユシカナ,men,48,94000,1975/06/19
2023/04/13,EW95048,ウニメシ,women,24,3000,1998/11/11
2022/12/09,XP38196,フノホ,women,59,19000,1964/09/05
2022/10/28,DD42604,カケチフエ,women,58,88000,1965/07/23
2023/02/07,KA85081,ラヨヲアコユ,men,49,16000,1974/07/26
2023/05/22,UL89480,ユトフ,men,62,97000,1961/04/05
2022/11/27,CG95105,マユ,women,40,52000,1983/09/20
2023/10/19,DO19887,タミロニ,men,31,4000,1992/03/02
2023/09/25,CD91496,アエユ,women,22,96000,2001/02/12
2023/02/11,AM94062,タミマサシサ,men,69,33000,1954/09/14
2023/03/14,IP84840,ヒク,women,35,5000,1988/03/24
2023/08/28,HW88968,リトコ,men,23,58000,2000/08/03
